{"KeyPhrases": [{"Score": 0.49191102385520935, "Text": "works", "BeginOffset": 0, "EndOffset": 5}, {"Score": 0.9993293285369873, "Text": "our backlog", "BeginOffset": 43, "EndOffset": 54}, {"Score": 0.9952130317687988, "Text": "12 months", "BeginOffset": 63, "EndOffset": 72}, {"Score": 0.9991949796676636, "Text": "The business", "BeginOffset": 106, "EndOffset": 118}, {"Score": 0.994632363319397, "Text": "an agility", "BeginOffset": 172, "EndOffset": 182}, {"Score": 0.9987993836402893, "Text": "this whole infrastructure", "BeginOffset": 236, "EndOffset": 261}, {"Score": 0.9987221360206604, "Text": "CIOs", "BeginOffset": 329, "EndOffset": 333}, {"Score": 0.9972552061080933, "Text": "the switch", "BeginOffset": 354, "EndOffset": 364}, {"Score": 0.997686505317688, "Text": "A company", "BeginOffset": 366, "EndOffset": 375}, {"Score": 0.9997023344039917, "Text": "a digital company", "BeginOffset": 391, "EndOffset": 408}, {"Score": 0.9993694424629211, "Text": "a wholesale replacement", "BeginOffset": 417, "EndOffset": 440}, {"Score": 0.9887023568153381, "Text": "the quote-to-cash process", "BeginOffset": 444, "EndOffset": 469}, {"Score": 0.9746127128601074, "Text": "Oracle and SAP", "BeginOffset": 493, "EndOffset": 507}, {"Score": 0.9978890419006348, "Text": "a modern stack", "BeginOffset": 530, "EndOffset": 544}, {"Score": 0.9990573525428772, "Text": "A company", "BeginOffset": 554, "EndOffset": 563}, {"Score": 0.9775269627571106, "Text": "Caterpillar or General Motors", "BeginOffset": 569, "EndOffset": 598}, {"Score": 0.9998284578323364, "Text": "a lot", "BeginOffset": 630, "EndOffset": 635}, {"Score": 0.9994733929634094, "Text": "cars", "BeginOffset": 639, "EndOffset": 643}, {"Score": 0.9957264065742493, "Text": "a connected-car platform", "BeginOffset": 664, "EndOffset": 688}, {"Score": 0.9975112080574036, "Text": "a subscription management platform", "BeginOffset": 705, "EndOffset": 739}, {"Score": 0.9996829628944397, "Text": "the side", "BeginOffset": 743, "EndOffset": 751}, {"Score": 0.9977747201919556, "Text": "their core business", "BeginOffset": 755, "EndOffset": 774}, {"Score": 0.9888054728507996, "Text": "the core system", "BeginOffset": 793, "EndOffset": 808}, {"Score": 0.9952294826507568, "Text": "cars", "BeginOffset": 818, "EndOffset": 822}, {"Score": 0.995640754699707, "Text": "tractors", "BeginOffset": 834, "EndOffset": 842}, {"Score": 0.9979347586631775, "Text": "the digital platform", "BeginOffset": 861, "EndOffset": 881}, {"Score": 0.9951085448265076, "Text": "the subscription platform", "BeginOffset": 885, "EndOffset": 910}, {"Score": 0.9957218766212463, "Text": "corporate IT architecture", "BeginOffset": 926, "EndOffset": 951}, {"Score": 0.9992430210113525, "Text": "the next few years", "BeginOffset": 972, "EndOffset": 990}, {"Score": 0.9998445510864258, "Text": "a lot", "BeginOffset": 1016, "EndOffset": 1021}, {"Score": 0.9977130889892578, "Text": "people", "BeginOffset": 1025, "EndOffset": 1031}, {"Score": 0.9978306889533997, "Text": "microservices", "BeginOffset": 1046, "EndOffset": 1059}, {"Score": 0.9977853298187256, "Text": "Silicon Valley companies", "BeginOffset": 1061, "EndOffset": 1085}, {"Score": 0.9548959136009216, "Text": "enterprise IT", "BeginOffset": 1146, "EndOffset": 1159}, {"Score": 0.9998939037322998, "Text": "The general pattern", "BeginOffset": 1161, "EndOffset": 1180}, {"Score": 0.9986914992332458, "Text": "the big monolithic system", "BeginOffset": 1189, "EndOffset": 1214}, {"Score": 0.998542070388794, "Text": "systems", "BeginOffset": 1278, "EndOffset": 1285}, {"Score": 0.9834012985229492, "Text": "their own data stores", "BeginOffset": 1316, "EndOffset": 1337}, {"Score": 0.9948095679283142, "Text": "a three-cloud architecture", "BeginOffset": 1402, "EndOffset": 1428}, {"Score": 0.9869481921195984, "Text": "the anchor systems", "BeginOffset": 1443, "EndOffset": 1461}, {"Score": 0.9919158220291138, "Text": "your customer relationship management system", "BeginOffset": 1466, "EndOffset": 1510}, {"Score": 0.9944030046463013, "Text": "your financials", "BeginOffset": 1512, "EndOffset": 1527}, {"Score": 0.999895453453064, "Text": "the end", "BeginOffset": 1542, "EndOffset": 1549}, {"Score": 0.9991350173950195, "Text": "the day", "BeginOffset": 1553, "EndOffset": 1560}, {"Score": 0.802325963973999, "Text": "need financials", "BeginOffset": 1568, "EndOffset": 1583}, {"Score": 0.9975531697273254, "Text": "a subscriber management system", "BeginOffset": 1618, "EndOffset": 1648}, {"Score": 0.9940633773803711, "Text": "these modern business models", "BeginOffset": 1653, "EndOffset": 1681}, {"Score": 0.9980652928352356, "Text": "a hub", "BeginOffset": 1692, "EndOffset": 1697}, {"Score": 0.9916829466819763, "Text": "your key subscribers", "BeginOffset": 1709, "EndOffset": 1729}, {"Score": 0.9922516942024231, "Text": "Your interactions", "BeginOffset": 1755, "EndOffset": 1772}, {"Score": 0.9986144304275513, "Text": "customers", "BeginOffset": 1778, "EndOffset": 1787}, {"Score": 0.9127972722053528, "Text": "some customer", "BeginOffset": 1800, "EndOffset": 1813}, {"Score": 0.9918497800827026, "Text": "50 widgets", "BeginOffset": 1821, "EndOffset": 1831}, {"Score": 0.9980730414390564, "Text": "your payment information", "BeginOffset": 1872, "EndOffset": 1896}, {"Score": 0.9943323135375977, "Text": "file", "BeginOffset": 1900, "EndOffset": 1904}, {"Score": 0.999435544013977, "Text": "Your customers", "BeginOffset": 1906, "EndOffset": 1920}, {"Score": 0.9961469173431396, "Text": "the subscription", "BeginOffset": 1933, "EndOffset": 1949}, {"Score": 0.9941069483757019, "Text": "these plans", "BeginOffset": 1998, "EndOffset": 2009}, {"Score": 0.9804019927978516, "Text": "That system", "BeginOffset": 2036, "EndOffset": 2047}, {"Score": 0.9686117768287659, "Text": "provisioning and fulfillment", "BeginOffset": 2066, "EndOffset": 2094}, {"Score": 0.9987930059432983, "Text": "the accounting system", "BeginOffset": 2112, "EndOffset": 2133}, {"Score": 0.9458596110343933, "Text": "all the invoices and payments", "BeginOffset": 2148, "EndOffset": 2177}, {"Score": 0.9609935283660889, "Text": "all those plan changes", "BeginOffset": 2198, "EndOffset": 2220}, {"Score": 0.9970181584358215, "Text": "a three-cloud architecture", "BeginOffset": 2229, "EndOffset": 2255}, {"Score": 0.7893182635307312, "Text": "things", "BeginOffset": 2273, "EndOffset": 2279}, {"Score": 0.984551191329956, "Text": "these three clouds", "BeginOffset": 2299, "EndOffset": 2317}, {"Score": 0.9979849457740784, "Text": "a stronger way", "BeginOffset": 2321, "EndOffset": 2335}, {"Score": 0.999832034111023, "Text": "customers", "BeginOffset": 2371, "EndOffset": 2380}, {"Score": 0.9972622394561768, "Text": "microservices", "BeginOffset": 2401, "EndOffset": 2414}, {"Score": 0.9038223624229431, "Text": "five to 10 years", "BeginOffset": 2455, "EndOffset": 2471}, {"Score": 0.999653160572052, "Text": "new things", "BeginOffset": 2509, "EndOffset": 2519}, {"Score": 0.9982714653015137, "Text": "microservices", "BeginOffset": 2523, "EndOffset": 2536}, {"Score": 0.9996656775474548, "Text": "a lot", "BeginOffset": 2558, "EndOffset": 2563}, {"Score": 0.9761068224906921, "Text": "legacy stuff", "BeginOffset": 2567, "EndOffset": 2579}, {"Score": 0.9982153177261353, "Text": "subscription", "BeginOffset": 2584, "EndOffset": 2596}, {"Score": 0.9995108246803284, "Text": "the role", "BeginOffset": 2615, "EndOffset": 2623}, {"Score": 0.9453681111335754, "Text": "the CIO change", "BeginOffset": 2627, "EndOffset": 2641}, {"Score": 0.9994540214538574, "Text": "The biggest thing", "BeginOffset": 2643, "EndOffset": 2660}, {"Score": 0.9988546371459961, "Text": "the classic model", "BeginOffset": 2664, "EndOffset": 2681}, {"Score": 0.9957704544067383, "Text": "your requirements", "BeginOffset": 2719, "EndOffset": 2736}, {"Score": 0.9923886656761169, "Text": "time", "BeginOffset": 2772, "EndOffset": 2776}], "ResponseMetadata": {"RequestId": "5b11476a-ceed-11e8-9569-8f3b8f8be7aa", "HTTPStatusCode": 200, "HTTPHeaders": {"date": "Sat, 13 Oct 2018 13:39:06 GMT", "content-type": "application/x-amz-json-1.1", "content-length": "7259", "connection": "keep-alive", "x-amzn-requestid": "5b11476a-ceed-11e8-9569-8f3b8f8be7aa"}, "RetryAttempts": 0}}