{"Entities": [{"Score": 0.9904251098632812, "Type": "QUANTITY", "Text": "12 months", "BeginOffset": 63, "EndOffset": 72}, {"Score": 0.8871687054634094, "Type": "ORGANIZATION", "Text": "Oracle", "BeginOffset": 493, "EndOffset": 499}, {"Score": 0.9609702229499817, "Type": "ORGANIZATION", "Text": "SAP", "BeginOffset": 504, "EndOffset": 507}, {"Score": 0.9959110021591187, "Type": "ORGANIZATION", "Text": "Caterpillar", "BeginOffset": 569, "EndOffset": 580}, {"Score": 0.994190514087677, "Type": "ORGANIZATION", "Text": "General Motors", "BeginOffset": 584, "EndOffset": 598}, {"Score": 0.7519277334213257, "Type": "DATE", "Text": "next few years", "BeginOffset": 976, "EndOffset": 990}, {"Score": 0.9993934035301208, "Type": "LOCATION", "Text": "Silicon Valley", "BeginOffset": 1061, "EndOffset": 1075}, {"Score": 0.8860493898391724, "Type": "QUANTITY", "Text": "three-cloud architecture", "BeginOffset": 1404, "EndOffset": 1428}, {"Score": 0.9463136792182922, "Type": "QUANTITY", "Text": "50 widgets", "BeginOffset": 1821, "EndOffset": 1831}, {"Score": 0.9942409992218018, "Type": "QUANTITY", "Text": "three-cloud architecture", "BeginOffset": 2231, "EndOffset": 2255}, {"Score": 0.9999902248382568, "Type": "QUANTITY", "Text": "one", "BeginOffset": 2292, "EndOffset": 2295}, {"Score": 0.6581553816795349, "Type": "QUANTITY", "Text": "three clouds", "BeginOffset": 2305, "EndOffset": 2317}, {"Score": 0.9999980926513672, "Type": "QUANTITY", "Text": "five", "BeginOffset": 2455, "EndOffset": 2459}, {"Score": 0.9995217323303223, "Type": "QUANTITY", "Text": "10 years", "BeginOffset": 2463, "EndOffset": 2471}], "ResponseMetadata": {"RequestId": "5c586d53-ceed-11e8-85a8-4fb80439df50", "HTTPStatusCode": 200, "HTTPHeaders": {"date": "Sat, 13 Oct 2018 13:39:08 GMT", "content-type": "application/x-amz-json-1.1", "content-length": "1469", "connection": "keep-alive", "x-amzn-requestid": "5c586d53-ceed-11e8-85a8-4fb80439df50"}, "RetryAttempts": 0}}