{"KeyPhrases": [{"Score": 0.890203595161438, "Text": "Politics Columns & Blogs Real Time Economics Washington Wire More Journal Report U.S. Video", "BeginOffset": 0, "EndOffset": 91}, {"Score": 0.861119270324707, "Text": "News Podcast Politics Blogs Washington Wire", "BeginOffset": 99, "EndOffset": 142}, {"Score": 0.8835022449493408, "Text": "More Politics Video WSJ/NBC News Poll Economy Blogs Real Time Economics", "BeginOffset": 143, "EndOffset": 214}, {"Score": 0.9006562829017639, "Text": "More Economic Forecasting Survey Economy Video Business Sections Management Tech/WSJ", "BeginOffset": 215, "EndOffset": 299}, {"Score": 0.8835809826850891, "Text": "D The Future", "BeginOffset": 300, "EndOffset": 312}, {"Score": 0.9665407538414001, "Text": "Everything Industries Aerospace & Defense Autos & Transportation Commercial Real Estate Consumer Products Energy Entrepreneurship Financial Services Food & Services Health Care Hospitality Law Manufacturing Media & Marketing Natural Resources Retail C-Suite CFO Journal CIO Journal CMO Today Logistics Report Risk & Compliance Columns Heard", "BeginOffset": 316, "EndOffset": 656}, {"Score": 0.8977864980697632, "Text": "the Street More Business Video Journal Report Business Podcast Tech Sections CIO Journal", "BeginOffset": 660, "EndOffset": 748}, {"Score": 0.9977579712867737, "Text": "The Future", "BeginOffset": 749, "EndOffset": 759}, {"Score": 0.8900324106216431, "Text": "Everything Columns & Blogs Christopher Mims Joanna Stern David Pierce", "BeginOffset": 763, "EndOffset": 832}, {"Score": 0.9232184886932373, "Text": "More Billion Dollar Startup Club Tech Video Tech Podcast Startup Stock Tracker Markets Sections Bonds Commercial Real Estate Commodities & Futures Financial Services Stocks", "BeginOffset": 833, "EndOffset": 1005}, {"Score": 0.8624725937843323, "Text": "Your Money Columns & Blogs", "BeginOffset": 1006, "EndOffset": 1032}, {"Score": 0.953315019607544, "Text": "the Street MoneyBeat Wealth Adviser", "BeginOffset": 1042, "EndOffset": 1077}, {"Score": 0.8762646317481995, "Text": "the Tape More CFO Journal Journal Report Market Data Markets Video", "BeginOffset": 1087, "EndOffset": 1153}, {"Score": 0.9684130549430847, "Text": "Your Money Briefing Podcast Secrets", "BeginOffset": 1154, "EndOffset": 1189}, {"Score": 0.9735157489776611, "Text": "Wealthy Women Podcast Opinion Columnists Sadanand Dhume James Freeman William A. Galston Daniel Henninger Holman W. Jenkins Andy Kessler William McGurn Walter Russell Mead Peggy Noonan Mary Anastasia O'Grady Jason Riley Joseph Sternberg Kimberley A. Strassel Reviews Books Film Television Theater Art Masterpiece Series Music Dance Opera Exhibition Cultural Commentary", "BeginOffset": 1193, "EndOffset": 1561}, {"Score": 0.7836556434631348, "Text": "More Editorials Commentary Letters", "BeginOffset": 1562, "EndOffset": 1596}, {"Score": 0.804818332195282, "Text": "the Editor", "BeginOffset": 1600, "EndOffset": 1610}, {"Score": 0.9595273733139038, "Text": "The Weekend Interview Potomac Watch Podcast Foreign Edition Podcast Opinion Video Notable & Quotable Best", "BeginOffset": 1611, "EndOffset": 1716}, {"Score": 0.9427677392959595, "Text": "the Web Newsletter Morning Editorial Report Newsletter Life & Arts Sections Arts Books Cars Food & Drink Health Ideas Real Estate Science Sports Style & Fashion Travel More WSJ", "BeginOffset": 1720, "EndOffset": 1896}, {"Score": 0.8790794610977173, "Text": "Magazine WSJ Puzzles", "BeginOffset": 1898, "EndOffset": 1918}, {"Score": 0.9881033897399902, "Text": "The Future", "BeginOffset": 1919, "EndOffset": 1929}, {"Score": 0.9610787630081177, "Text": "Everything Far & Away Life Video Arts Video Real Estate Sections Commercial Real Estate House", "BeginOffset": 1933, "EndOffset": 2026}, {"Score": 0.9177083969116211, "Text": "the Day More Real Estate Video WSJ", "BeginOffset": 2030, "EndOffset": 2064}, {"Score": 0.9466983675956726, "Text": "Magazine Sections Fashion Art & Design Travel Food Culture Search SEARCH \u2192 Subscribe Sign", "BeginOffset": 2066, "EndOffset": 2155}, {"Score": 0.7656318545341492, "Text": "Sears", "BeginOffset": 2159, "EndOffset": 2164}, {"Score": 0.926786482334137, "Text": "Lenders Nearing Deal", "BeginOffset": 2166, "EndOffset": 2186}, {"Score": 0.98234623670578, "Text": "Some Stores Open Edward Lampert", "BeginOffset": 2195, "EndOffset": 2226}, {"Score": 0.9891682863235474, "Text": "\u2019s Non-Strategy", "BeginOffset": 2226, "EndOffset": 2241}, {"Score": 0.877082884311676, "Text": "Sears Facebook", "BeginOffset": 2250, "EndOffset": 2264}, {"Score": 0.867895245552063, "Text": "Fewer Affected", "BeginOffset": 2270, "EndOffset": 2284}, {"Score": 0.9298813939094543, "Text": "Hack Than First Thought", "BeginOffset": 2288, "EndOffset": 2311}, {"Score": 0.9967357516288757, "Text": "China", "BeginOffset": 2315, "EndOffset": 2320}, {"Score": 0.8784157037734985, "Text": "a Dot-Com D\u00e9j\u00e0-Vu Lavazza", "BeginOffset": 2322, "EndOffset": 2347}, {"Score": 0.8502117991447449, "Text": "Illy Say \u2018Basta\u2019", "BeginOffset": 2352, "EndOffset": 2368}, {"Score": 0.9592201709747314, "Text": "Global Coffee Wars Come", "BeginOffset": 2372, "EndOffset": 2395}, {"Score": 0.9680904746055603, "Text": "Italy GE Delays Release", "BeginOffset": 2399, "EndOffset": 2422}, {"Score": 0.9772803783416748, "Text": "Quarterly Results", "BeginOffset": 2426, "EndOffset": 2443}, {"Score": 0.8669917583465576, "Text": "Oct. 30 U.S. Opens Probe", "BeginOffset": 2450, "EndOffset": 2474}, {"Score": 0.9191827774047852, "Text": "Alleged Chinese Mattress Dumping", "BeginOffset": 2480, "EndOffset": 2512}, {"Score": 0.9950805902481079, "Text": "Digital Ghosts", "BeginOffset": 2533, "EndOffset": 2547}, {"Score": 0.9377222061157227, "Text": "Delete Your Account China", "BeginOffset": 2549, "EndOffset": 2574}, {"Score": 0.9703497290611267, "Text": "\u2019s Auto Sales Face First Annual Decline", "BeginOffset": 2574, "EndOffset": 2613}, {"Score": 0.9542284607887268, "Text": "Decades Retail", "BeginOffset": 2617, "EndOffset": 2631}, {"Score": 0.9888303279876709, "Text": "\u2019s New E-Commerce Headache", "BeginOffset": 2631, "EndOffset": 2657}, {"Score": 0.761001706123352, "Text": "Delivering Workers", "BeginOffset": 2659, "EndOffset": 2677}, {"Score": 0.8356653451919556, "Text": "Warehouses Anaplan Shares Surge", "BeginOffset": 2681, "EndOffset": 2712}, {"Score": 0.9460669755935669, "Text": "43%", "BeginOffset": 2713, "EndOffset": 2716}, {"Score": 0.7689950466156006, "Text": "Debut", "BeginOffset": 2720, "EndOffset": 2725}, {"Score": 0.9572091698646545, "Text": "Market Turmoil Guardian", "BeginOffset": 2741, "EndOffset": 2764}, {"Score": 0.9749884605407715, "Text": "Ad-Tech Firm Settle Dispute LaCroix Billionaire Settles Suit", "BeginOffset": 2766, "EndOffset": 2826}, {"Score": 0.9803058505058289, "Text": "Pilot Withdraws Claims", "BeginOffset": 2828, "EndOffset": 2850}, {"Score": 0.9808022975921631, "Text": "Improper Touching Judge Strips Deciem Founder", "BeginOffset": 2854, "EndOffset": 2899}, {"Score": 0.8975639939308167, "Text": "CEO Title and Board Seat Tax Credit", "BeginOffset": 2903, "EndOffset": 2938}, {"Score": 0.8396435976028442, "Text": "$35,000 Tesla Model 3 Slips Away Sears Exit", "BeginOffset": 2943, "EndOffset": 2986}, {"Score": 0.9925490617752075, "Text": "Big Holes", "BeginOffset": 2999, "EndOffset": 3008}, {"Score": 0.9935365319252014, "Text": "Malls", "BeginOffset": 3012, "EndOffset": 3017}, {"Score": 0.7575205564498901, "Text": "Some Landlords", "BeginOffset": 3019, "EndOffset": 3033}, {"Score": 0.9198634624481201, "Text": "Corporate Loans Help Investors", "BeginOffset": 3048, "EndOffset": 3078}, {"Score": 0.798914909362793, "Text": "the Fed", "BeginOffset": 3085, "EndOffset": 3092}, {"Score": 0.9913994073867798, "Text": "Market Turmoil", "BeginOffset": 3100, "EndOffset": 3114}, {"Score": 0.898311197757721, "Text": "Potentially Good News New Stars", "BeginOffset": 3116, "EndOffset": 3147}, {"Score": 0.9514423608779907, "Text": "Fading Anthem Controversy Lift NFL Ratings Key", "BeginOffset": 3149, "EndOffset": 3195}, {"Score": 0.9850755333900452, "Text": "Autonomous Driving", "BeginOffset": 3199, "EndOffset": 3217}, {"Score": 0.9841241240501404, "Text": "An Impossibly Perfect Map", "BeginOffset": 3219, "EndOffset": 3244}, {"Score": 0.9816043972969055, "Text": "the Best Streaming Live TV Bundle", "BeginOffset": 3252, "EndOffset": 3285}], "ResponseMetadata": {"RequestId": "578a91ae-ceed-11e8-9646-4fbff38d7b2d", "HTTPStatusCode": 200, "HTTPHeaders": {"date": "Sat, 13 Oct 2018 13:39:00 GMT", "content-type": "application/x-amz-json-1.1", "content-length": "7873", "connection": "keep-alive", "x-amzn-requestid": "578a91ae-ceed-11e8-9646-4fbff38d7b2d"}, "RetryAttempts": 0}}