{"KeyPhrases": [{"Score": 0.9429360628128052, "Text": "DOW JONES", "BeginOffset": 0, "EndOffset": 9}, {"Score": 0.9800006151199341, "Text": "A NEWS CORP COMPANY News Corp", "BeginOffset": 11, "EndOffset": 40}, {"Score": 0.9991605877876282, "Text": "a network", "BeginOffset": 44, "EndOffset": 53}, {"Score": 0.9404335618019104, "Text": "leading companies", "BeginOffset": 57, "EndOffset": 74}, {"Score": 0.9987802505493164, "Text": "the worlds", "BeginOffset": 78, "EndOffset": 88}, {"Score": 0.9730051755905151, "Text": "diversified media", "BeginOffset": 92, "EndOffset": 109}, {"Score": 0.9186899065971375, "Text": "news", "BeginOffset": 111, "EndOffset": 115}, {"Score": 0.9884881377220154, "Text": "education", "BeginOffset": 117, "EndOffset": 126}, {"Score": 0.9752786755561829, "Text": "information services", "BeginOffset": 132, "EndOffset": 152}, {"Score": 0.9502280354499817, "Text": "DOW JONES Barron", "BeginOffset": 154, "EndOffset": 170}, {"Score": 0.9633287191390991, "Text": "BigCharts DJX Dow Jones Newswires Factiva Financial News Mansion Global MarketWatch NewsPlus Private Markets Risk & Compliance WSJ Conference WSJ Pro WSJ Video WSJ.com NEWS CORP Big Decisions Business Spectator Checkout51 Harper Collins Housing Makaan New York Post News America Marketing PropTiger REA realtor.com Storyful The Australian The Sun The Times Unruly DJIA \u25b2 25339.99 1.15% S&P 500 \u25b2 2767.13 1.42% Nasdaq \u25b2 7496.89 2.29% U.S. 10 Yr \u25b2 -3/32 yield 3.162% Crude Oil \u25b2 71.51 0.76% Euro \u25b2 1.1560 -0.31% Subscribe Now Sign", "BeginOffset": 173, "EndOffset": 701}, {"Score": 0.8984999656677246, "Text": "The Wall Street Journal Sections My Journal Home World U.S. Politics Economy Business Tech Markets Opinion Life & Arts Real Estate WSJ", "BeginOffset": 705, "EndOffset": 839}, {"Score": 0.9633435010910034, "Text": "Magazine Today", "BeginOffset": 841, "EndOffset": 855}, {"Score": 0.9661853313446045, "Text": "Paper SHOW ALL SECTIONS HIDE ALL SECTIONS World Home Africa Asia Canada China Europe Latin America Middle East Economy World Video U.S. Home Economy Law New York Politics Real Time Economics Washington Wire Journal Report U.S. Video", "BeginOffset": 858, "EndOffset": 1090}, {"Score": 0.9574477672576904, "Text": "News Podcast Politics Home Washington Wire Politics Video WSJ/NBC News Poll Economy Home Real Time Economics Economic Forecasting Survey Economy Video Business Home Management Tech/WSJ", "BeginOffset": 1098, "EndOffset": 1282}, {"Score": 0.8781579732894897, "Text": "D The Future", "BeginOffset": 1283, "EndOffset": 1295}, {"Score": 0.9665886759757996, "Text": "Everything Aerospace & Defense Autos & Transportation Commercial Real Estate Consumer Products Energy Entrepreneurship Financial Services Food & Services Health Care Hospitality Law Manufacturing Media & Marketing Natural Resources Retail CFO Journal CIO Journal CMO Today Logistics Report Risk & Compliance Heard", "BeginOffset": 1299, "EndOffset": 1612}, {"Score": 0.9613503813743591, "Text": "the Street Business Video Journal Report Business Podcast Tech Home CIO Journal", "BeginOffset": 1616, "EndOffset": 1695}, {"Score": 0.9979264736175537, "Text": "The Future", "BeginOffset": 1696, "EndOffset": 1706}, {"Score": 0.9661032557487488, "Text": "Everything Christopher Mims Joanna Stern David Pierce Billion Dollar Startup Club Tech Video Tech Podcast Startup Stock Tracker Markets Home Bonds Commercial Real Estate Commodities & Futures Financial Services Stocks", "BeginOffset": 1710, "EndOffset": 1927}, {"Score": 0.9402385354042053, "Text": "Your Money Heard", "BeginOffset": 1928, "EndOffset": 1944}, {"Score": 0.9489761590957642, "Text": "the Street MoneyBeat Wealth Adviser", "BeginOffset": 1948, "EndOffset": 1983}, {"Score": 0.8972976207733154, "Text": "the Tape CFO Journal Journal Report Market Data Markets Video", "BeginOffset": 1993, "EndOffset": 2054}, {"Score": 0.9672889709472656, "Text": "Your Money Briefing Podcast Secrets", "BeginOffset": 2055, "EndOffset": 2090}, {"Score": 0.9824186563491821, "Text": "Wealthy Women Podcast Opinion Home Sadanand Dhume James Freeman William A. Galston Daniel Henninger Holman W. Jenkins Andy Kessler William McGurn Walter Russell Mead Peggy Noonan Mary Anastasia O'Grady Jason Riley Joseph Sternberg Kimberley A. Strassel Books Film Television Theater Art Masterpiece Series Music Dance Opera Exhibition Cultural Commentary Editorials Commentary Letters", "BeginOffset": 2094, "EndOffset": 2478}, {"Score": 0.8120679259300232, "Text": "the Editor", "BeginOffset": 2482, "EndOffset": 2492}, {"Score": 0.9596561789512634, "Text": "The Weekend Interview Potomac Watch Podcast Foreign Edition Podcast Opinion Video Notable & Quotable Best", "BeginOffset": 2493, "EndOffset": 2598}, {"Score": 0.9569186568260193, "Text": "the Web Newsletter Morning Editorial Report Newsletter Life & Arts Home Arts Books Cars Food & Drink Health Ideas Real Estate Science Sports Style & Fashion Travel WSJ", "BeginOffset": 2602, "EndOffset": 2769}, {"Score": 0.8774396181106567, "Text": "Magazine WSJ Puzzles", "BeginOffset": 2771, "EndOffset": 2791}, {"Score": 0.9878596663475037, "Text": "The Future", "BeginOffset": 2792, "EndOffset": 2802}, {"Score": 0.9625953435897827, "Text": "Everything Far & Away Life Video Arts Video Real Estate Home Commercial Real Estate House", "BeginOffset": 2806, "EndOffset": 2895}, {"Score": 0.9728046655654907, "Text": "the Day Real Estate Video WSJ", "BeginOffset": 2899, "EndOffset": 2928}, {"Score": 0.9192954897880554, "Text": "Magazine Home Fashion Art & Design Travel Food Culture HIDE ALL SECTIONS", "BeginOffset": 2930, "EndOffset": 3002}, {"Score": 0.9717674255371094, "Text": "the Wall Street Journal", "BeginOffset": 3034, "EndOffset": 3057}, {"Score": 0.9172191619873047, "Text": "$12", "BeginOffset": 3058, "EndOffset": 3061}, {"Score": 0.9924185872077942, "Text": "12 weeks", "BeginOffset": 3066, "EndOffset": 3074}, {"Score": 0.8430570363998413, "Text": "Sign", "BeginOffset": 3090, "EndOffset": 3094}, {"Score": 0.9390710592269897, "Text": "Reveal Navigation Options Home World Regions Africa Asia Canada China Europe Latin America Middle East Sections Economy More World Video U.S. Sections Economy Law New", "BeginOffset": 3098, "EndOffset": 3264}], "ResponseMetadata": {"RequestId": "557a4ea3-ceed-11e8-acee-fb201132ed9b", "HTTPStatusCode": 200, "HTTPHeaders": {"date": "Sat, 13 Oct 2018 13:38:57 GMT", "content-type": "application/x-amz-json-1.1", "content-length": "5938", "connection": "keep-alive", "x-amzn-requestid": "557a4ea3-ceed-11e8-acee-fb201132ed9b"}, "RetryAttempts": 0}}