{"Entities": [{"Score": 0.9978961944580078, "Type": "PERSON", "Text": "Steven Norton", "BeginOffset": 188, "EndOffset": 201}, {"Score": 0.9749555587768555, "Type": "PERSON", "Text": "Steven Norton", "BeginOffset": 202, "EndOffset": 215}, {"Score": 0.8011856079101562, "Type": "TITLE", "Text": "The Wall Street Journal", "BeginOffset": 216, "EndOffset": 239}, {"Score": 0.9955050945281982, "Type": "PERSON", "Text": "Steven Norton", "BeginOffset": 250, "EndOffset": 263}, {"Score": 0.9401606321334839, "Type": "PERSON", "Text": "@steven_norton", "BeginOffset": 264, "EndOffset": 278}, {"Score": 0.999207079410553, "Type": "OTHER", "Text": "steven.norton@wsj.com", "BeginOffset": 279, "EndOffset": 300}, {"Score": 0.9436306357383728, "Type": "DATE", "Text": "Jun 18, 2018 3:58 pm ET", "BeginOffset": 301, "EndOffset": 324}, {"Score": 0.7591204643249512, "Type": "PERSON", "Text": "Zuora Founder", "BeginOffset": 378, "EndOffset": 391}, {"Score": 0.9994678497314453, "Type": "PERSON", "Text": "Tien Tzuo", "BeginOffset": 400, "EndOffset": 409}, {"Score": 0.9991220831871033, "Type": "PERSON", "Text": "Steven Norton", "BeginOffset": 562, "EndOffset": 575}, {"Score": 0.8471853733062744, "Type": "ORGANIZATION", "Text": "The Wall Street Journal Companies", "BeginOffset": 578, "EndOffset": 611}, {"Score": 0.8443427681922913, "Type": "ORGANIZATION", "Text": "Salesforce.com Inc", "BeginOffset": 824, "EndOffset": 842}, {"Score": 0.7675536274909973, "Type": "ORGANIZATION", "Text": "General Motors", "BeginOffset": 863, "EndOffset": 877}, {"Score": 0.9986720681190491, "Type": "ORGANIZATION", "Text": "Caterpillar Inc.", "BeginOffset": 1146, "EndOffset": 1162}, {"Score": 0.9999761581420898, "Type": "ORGANIZATION", "Text": "CIOs", "BeginOffset": 1381, "EndOffset": 1385}, {"Score": 0.9995900988578796, "Type": "PERSON", "Text": "Tien Tzuo", "BeginOffset": 1568, "EndOffset": 1577}, {"Score": 0.9956537485122681, "Type": "ORGANIZATION", "Text": "Zuora Inc.", "BeginOffset": 1610, "EndOffset": 1620}, {"Score": 0.9884718656539917, "Type": "PERSON", "Text": "Tzuo", "BeginOffset": 1852, "EndOffset": 1856}, {"Score": 0.9999701976776123, "Type": "ORGANIZATION", "Text": "CIO Journal", "BeginOffset": 1868, "EndOffset": 1879}, {"Score": 0.9993488192558289, "Type": "DATE", "Text": "Friday", "BeginOffset": 1883, "EndOffset": 1889}, {"Score": 0.99994957447052, "Type": "ORGANIZATION", "Text": "WSJ", "BeginOffset": 1986, "EndOffset": 1989}, {"Score": 0.9999860525131226, "Type": "ORGANIZATION", "Text": "Adobe", "BeginOffset": 2109, "EndOffset": 2114}, {"Score": 0.9997977614402771, "Type": "ORGANIZATION", "Text": "Caterpillar", "BeginOffset": 2283, "EndOffset": 2294}, {"Score": 0.9998125433921814, "Type": "ORGANIZATION", "Text": "Ford", "BeginOffset": 2296, "EndOffset": 2300}, {"Score": 0.9801788330078125, "Type": "ORGANIZATION", "Text": "General Motors", "BeginOffset": 2302, "EndOffset": 2316}, {"Score": 0.9999228715896606, "Type": "ORGANIZATION", "Text": "CIOs", "BeginOffset": 2889, "EndOffset": 2893}, {"Score": 0.9999716877937317, "Type": "QUANTITY", "Text": "20 years", "BeginOffset": 2933, "EndOffset": 2941}, {"Score": 1.0, "Type": "ORGANIZATION", "Text": "SAP", "BeginOffset": 2997, "EndOffset": 3000}, {"Score": 0.9995954632759094, "Type": "ORGANIZATION", "Text": "Oracle", "BeginOffset": 3007, "EndOffset": 3013}], "ResponseMetadata": {"RequestId": "5a4f7e43-ceed-11e8-b21a-9d245778aed1", "HTTPStatusCode": 200, "HTTPHeaders": {"date": "Sat, 13 Oct 2018 13:39:05 GMT", "content-type": "application/x-amz-json-1.1", "content-length": "3033", "connection": "keep-alive", "x-amzn-requestid": "5a4f7e43-ceed-11e8-b21a-9d245778aed1"}, "RetryAttempts": 0}}