{"KeyPhrases": [{"Score": 0.9171238541603088, "Text": "Next Story > CIO Journal", "BeginOffset": 0, "EndOffset": 24}, {"Score": 0.8584035634994507, "Text": "Software Microservices Open", "BeginOffset": 26, "EndOffset": 53}, {"Score": 0.9883908033370972, "Text": "New Business Models", "BeginOffset": 57, "EndOffset": 76}, {"Score": 0.9715948700904846, "Text": "Companies Companies", "BeginOffset": 81, "EndOffset": 100}, {"Score": 0.8006263971328735, "Text": "new revenue streams", "BeginOffset": 113, "EndOffset": 132}, {"Score": 0.5757591128349304, "Text": "software", "BeginOffset": 144, "EndOffset": 152}, {"Score": 0.99772709608078, "Text": "other products", "BeginOffset": 157, "EndOffset": 171}, {"Score": 0.9983645081520081, "Text": "a service", "BeginOffset": 175, "EndOffset": 184}, {"Score": 0.89576256275177, "Text": "Steven Norton Steven Norton", "BeginOffset": 188, "EndOffset": 215}, {"Score": 0.9247562289237976, "Text": "The Wall Street Journal Biography Steven Norton @steven_norton steven", "BeginOffset": 216, "EndOffset": 285}, {"Score": 0.8631972670555115, "Text": "norton@wsj.com Jun 18, 2018", "BeginOffset": 286, "EndOffset": 313}, {"Score": 0.8672153353691101, "Text": "3:58 pm", "BeginOffset": 314, "EndOffset": 321}, {"Score": 0.5743805170059204, "Text": "ET 1", "BeginOffset": 322, "EndOffset": 326}, {"Score": 0.9938430190086365, "Text": "The way", "BeginOffset": 337, "EndOffset": 344}, {"Score": 0.9964639544487, "Text": "product", "BeginOffset": 355, "EndOffset": 362}, {"Score": 0.8022105097770691, "Text": "Zuora Founder", "BeginOffset": 378, "EndOffset": 391}, {"Score": 0.9908127784729004, "Text": "CEO Tien Tzuo", "BeginOffset": 396, "EndOffset": 409}, {"Score": 0.9972649216651917, "Text": "the shift", "BeginOffset": 413, "EndOffset": 422}, {"Score": 0.9970482587814331, "Text": "subscription-based services", "BeginOffset": 431, "EndOffset": 458}, {"Score": 0.9978333115577698, "Text": "Modern companies", "BeginOffset": 461, "EndOffset": 477}, {"Score": 0.9998379945755005, "Text": "customers", "BeginOffset": 506, "EndOffset": 515}, {"Score": 0.9920565485954285, "Text": "quick decisions", "BeginOffset": 537, "EndOffset": 552}, {"Score": 0.9285247921943665, "Text": "Photo", "BeginOffset": 555, "EndOffset": 560}, {"Score": 0.7881656289100647, "Text": "Steven Norton", "BeginOffset": 562, "EndOffset": 575}, {"Score": 0.9782177805900574, "Text": "The Wall Street Journal Companies", "BeginOffset": 578, "EndOffset": 611}, {"Score": 0.8059794902801514, "Text": "selling products", "BeginOffset": 638, "EndOffset": 654}, {"Score": 0.9989639520645142, "Text": "lasting relationships", "BeginOffset": 667, "EndOffset": 688}, {"Score": 0.9981133937835693, "Text": "customers", "BeginOffset": 694, "EndOffset": 703}, {"Score": 0.8084535598754883, "Text": "new revenue streams", "BeginOffset": 722, "EndOffset": 741}, {"Score": 0.5761355757713318, "Text": "software", "BeginOffset": 753, "EndOffset": 761}, {"Score": 0.9977717399597168, "Text": "other products", "BeginOffset": 766, "EndOffset": 780}, {"Score": 0.9978170394897461, "Text": "a service", "BeginOffset": 784, "EndOffset": 793}, {"Score": 0.9992506504058838, "Text": "the model", "BeginOffset": 806, "EndOffset": 815}, {"Score": 0.9865992069244385, "Text": "Salesforce.com Inc", "BeginOffset": 824, "EndOffset": 842}, {"Score": 0.9454907774925232, "Text": "Automakers", "BeginOffset": 844, "EndOffset": 854}, {"Score": 0.9984027743339539, "Text": "General Motors", "BeginOffset": 863, "EndOffset": 877}, {"Score": 0.9995439648628235, "Text": "customers", "BeginOffset": 923, "EndOffset": 932}, {"Score": 0.996667206287384, "Text": "connected-vehicle systems", "BeginOffset": 937, "EndOffset": 962}, {"Score": 0.7894405126571655, "Text": "nearby restaurants", "BeginOffset": 978, "EndOffset": 996}, {"Score": 0.9728683829307556, "Text": "parking lots", "BeginOffset": 1000, "EndOffset": 1012}, {"Score": 0.9995505213737488, "Text": "Manufacturers", "BeginOffset": 1014, "EndOffset": 1027}, {"Score": 0.9991915822029114, "Text": "physical equipment", "BeginOffset": 1055, "EndOffset": 1073}, {"Score": 0.9988215565681458, "Text": "services", "BeginOffset": 1077, "EndOffset": 1085}, {"Score": 0.9997202157974243, "Text": "the health", "BeginOffset": 1103, "EndOffset": 1113}, {"Score": 0.9945041537284851, "Text": "that equipment", "BeginOffset": 1117, "EndOffset": 1131}, {"Score": 0.9982408285140991, "Text": "real time", "BeginOffset": 1135, "EndOffset": 1144}, {"Score": 0.9633796215057373, "Text": "Caterpillar Inc.", "BeginOffset": 1146, "EndOffset": 1162}, {"Score": 0.9995590448379517, "Text": "a growing line", "BeginOffset": 1176, "EndOffset": 1190}, {"Score": 0.9746710658073425, "Text": "subscription data services", "BeginOffset": 1194, "EndOffset": 1220}, {"Score": 0.9996775388717651, "Text": "data", "BeginOffset": 1233, "EndOffset": 1237}, {"Score": 0.9966590404510498, "Text": "sensors", "BeginOffset": 1243, "EndOffset": 1250}, {"Score": 0.999596118927002, "Text": "their machines", "BeginOffset": 1264, "EndOffset": 1278}, {"Score": 0.9819847941398621, "Text": "customers", "BeginOffset": 1287, "EndOffset": 1296}, {"Score": 0.7807348966598511, "Text": "building projects", "BeginOffset": 1301, "EndOffset": 1318}, {"Score": 0.9994966983795166, "Text": "advantage", "BeginOffset": 1344, "EndOffset": 1353}, {"Score": 0.9980518817901611, "Text": "the subscription model", "BeginOffset": 1357, "EndOffset": 1379}, {"Score": 0.9991958737373352, "Text": "CIOs", "BeginOffset": 1381, "EndOffset": 1385}, {"Score": 0.9798087477684021, "Text": "large, centralized systems", "BeginOffset": 1406, "EndOffset": 1432}, {"Score": 0.9909150004386902, "Text": "a microservices architecture", "BeginOffset": 1445, "EndOffset": 1473}, {"Score": 0.9959234595298767, "Text": "software applications", "BeginOffset": 1485, "EndOffset": 1506}, {"Score": 0.9979786276817322, "Text": "a set", "BeginOffset": 1523, "EndOffset": 1528}, {"Score": 0.7405660152435303, "Text": "independent, reusableservices", "BeginOffset": 1532, "EndOffset": 1561}, {"Score": 0.9857898950576782, "Text": "Tien Tzuo", "BeginOffset": 1568, "EndOffset": 1577}, {"Score": 0.867908239364624, "Text": "founder and chief executive", "BeginOffset": 1579, "EndOffset": 1606}, {"Score": 0.9887269735336304, "Text": "Zuora Inc.", "BeginOffset": 1610, "EndOffset": 1620}, {"Score": 0.9943943023681641, "Text": "a decade-old company", "BeginOffset": 1622, "EndOffset": 1642}, {"Score": 0.9980973601341248, "Text": "cloud-based software", "BeginOffset": 1657, "EndOffset": 1677}, {"Score": 0.9951104521751404, "Text": "companies", "BeginOffset": 1686, "EndOffset": 1695}, {"Score": 0.9958354830741882, "Text": "subscription services", "BeginOffset": 1703, "EndOffset": 1724}, {"Score": 0.9934760928153992, "Text": "firms", "BeginOffset": 1745, "EndOffset": 1750}, {"Score": 0.9971140027046204, "Text": "new applications", "BeginOffset": 1762, "EndOffset": 1778}, {"Score": 0.9913997650146484, "Text": "flexibility", "BeginOffset": 1805, "EndOffset": 1816}, {"Score": 0.998484194278717, "Text": "Mr. Tzuo", "BeginOffset": 1848, "EndOffset": 1856}, {"Score": 0.9981038570404053, "Text": "CIO Journal", "BeginOffset": 1868, "EndOffset": 1879}, {"Score": 0.9938265681266785, "Text": "Friday", "BeginOffset": 1883, "EndOffset": 1889}, {"Score": 0.9999673366546631, "Text": "companies", "BeginOffset": 1900, "EndOffset": 1909}, {"Score": 0.9941858053207397, "Text": "subscription-based business models", "BeginOffset": 1926, "EndOffset": 1960}, {"Score": 0.8447003960609436, "Text": "Edited excerpts", "BeginOffset": 1962, "EndOffset": 1977}, {"Score": 0.8904085755348206, "Text": "WSJ", "BeginOffset": 1986, "EndOffset": 1989}, {"Score": 0.8946564793586731, "Text": "What kinds", "BeginOffset": 1991, "EndOffset": 2001}, {"Score": 0.9992563128471375, "Text": "firms", "BeginOffset": 2005, "EndOffset": 2010}, {"Score": 0.996903121471405, "Text": "the switch", "BeginOffset": 2022, "EndOffset": 2032}, {"Score": 0.9907451868057251, "Text": "subscription models", "BeginOffset": 2036, "EndOffset": 2055}, {"Score": 0.9902265071868896, "Text": "The technology vertical", "BeginOffset": 2057, "EndOffset": 2080}, {"Score": 0.8266845345497131, "Text": "Adobe", "BeginOffset": 2109, "EndOffset": 2114}, {"Score": 0.948732316493988, "Text": "their shift", "BeginOffset": 2117, "EndOffset": 2128}, {"Score": 0.9998308420181274, "Text": "subscriptions", "BeginOffset": 2132, "EndOffset": 2145}, {"Score": 0.971406102180481, "Text": "the whole software sector courage", "BeginOffset": 2156, "EndOffset": 2189}, {"Score": 0.9989444613456726, "Text": "the same thing", "BeginOffset": 2196, "EndOffset": 2210}, {"Score": 0.9992544054985046, "Text": "a lot", "BeginOffset": 2219, "EndOffset": 2224}, {"Score": 0.9948029518127441, "Text": "media", "BeginOffset": 2228, "EndOffset": 2233}, {"Score": 0.9420711994171143, "Text": "quite a bit", "BeginOffset": 2253, "EndOffset": 2264}, {"Score": 0.9262561202049255, "Text": "manufacturing", "BeginOffset": 2268, "EndOffset": 2281}, {"Score": 0.9260329604148865, "Text": "Caterpillar, Ford, General Motors", "BeginOffset": 2283, "EndOffset": 2316}, {"Score": 0.996213972568512, "Text": "companies", "BeginOffset": 2328, "EndOffset": 2337}, {"Score": 0.9996001124382019, "Text": "physical products", "BeginOffset": 2343, "EndOffset": 2360}, {"Score": 0.9838418960571289, "Text": "smart products", "BeginOffset": 2388, "EndOffset": 2402}, {"Score": 0.9132701754570007, "Text": "all these new revenue streams", "BeginOffset": 2424, "EndOffset": 2453}, {"Score": 0.991511344909668, "Text": "the biggest hurdles", "BeginOffset": 2511, "EndOffset": 2530}, {"Score": 0.9994687438011169, "Text": "companies", "BeginOffset": 2535, "EndOffset": 2544}, {"Score": 0.9986639022827148, "Text": "the shift", "BeginOffset": 2560, "EndOffset": 2569}, {"Score": 0.9991275668144226, "Text": "subscriptions", "BeginOffset": 2573, "EndOffset": 2586}, {"Score": 0.992918848991394, "Text": "The way", "BeginOffset": 2588, "EndOffset": 2595}, {"Score": 0.9962031245231628, "Text": "product", "BeginOffset": 2606, "EndOffset": 2613}, {"Score": 0.9987342953681946, "Text": "Modern companies", "BeginOffset": 2628, "EndOffset": 2644}, {"Score": 0.99983811378479, "Text": "customers", "BeginOffset": 2673, "EndOffset": 2682}, {"Score": 0.9949389696121216, "Text": "quick decisions", "BeginOffset": 2704, "EndOffset": 2719}, {"Score": 0.9985392093658447, "Text": "an acceleration", "BeginOffset": 2729, "EndOffset": 2744}, {"Score": 0.997035801410675, "Text": "the data", "BeginOffset": 2759, "EndOffset": 2767}, {"Score": 0.9990857839584351, "Text": "people", "BeginOffset": 2774, "EndOffset": 2780}, {"Score": 0.9983868598937988, "Text": "the individual user", "BeginOffset": 2863, "EndOffset": 2882}, {"Score": 0.7980082631111145, "Text": "What CIOs", "BeginOffset": 2884, "EndOffset": 2893}, {"Score": 0.9933095574378967, "Text": "20 years", "BeginOffset": 2933, "EndOffset": 2941}, {"Score": 0.9988517761230469, "Text": "these systems", "BeginOffset": 2956, "EndOffset": 2969}, {"Score": 0.9958601593971252, "Text": "record", "BeginOffset": 2973, "EndOffset": 2979}, {"Score": 0.992167055606842, "Text": "an SAP", "BeginOffset": 2994, "EndOffset": 3000}, {"Score": 0.998279869556427, "Text": "an Oracle core", "BeginOffset": 3004, "EndOffset": 3018}, {"Score": 0.9999452829360962, "Text": "the business", "BeginOffset": 3024, "EndOffset": 3036}, {"Score": 0.9995984435081482, "Text": "a bunch", "BeginOffset": 3132, "EndOffset": 3139}, {"Score": 0.99751877784729, "Text": "things", "BeginOffset": 3143, "EndOffset": 3149}, {"Score": 0.9830366969108582, "Text": "The way", "BeginOffset": 3151, "EndOffset": 3158}], "ResponseMetadata": {"RequestId": "58febab9-ceed-11e8-b376-c79fdabb17ef", "HTTPStatusCode": 200, "HTTPHeaders": {"date": "Sat, 13 Oct 2018 13:39:03 GMT", "content-type": "application/x-amz-json-1.1", "content-length": "10708", "connection": "keep-alive", "x-amzn-requestid": "58febab9-ceed-11e8-b376-c79fdabb17ef"}, "RetryAttempts": 0}}