{"KeyPhrases": [{"Score": 0.9933241009712219, "Text": "service", "BeginOffset": 0, "EndOffset": 7}, {"Score": 0.9994997382164001, "Text": "a lot", "BeginOffset": 18, "EndOffset": 23}, {"Score": 0.994188666343689, "Text": "money", "BeginOffset": 27, "EndOffset": 32}, {"Score": 0.8822513818740845, "Text": "the right pricing and packaging", "BeginOffset": 52, "EndOffset": 83}, {"Score": 0.9976686835289001, "Text": "the things", "BeginOffset": 142, "EndOffset": 152}, {"Score": 0.985802412033081, "Text": "the next 12 to 18 months", "BeginOffset": 176, "EndOffset": 200}, {"Score": 0.9870554804801941, "Text": "business units", "BeginOffset": 211, "EndOffset": 225}, {"Score": 0.9967268705368042, "Text": "the IT organization", "BeginOffset": 233, "EndOffset": 252}, {"Score": 0.9996898174285889, "Text": "things", "BeginOffset": 311, "EndOffset": 317}, {"Score": 0.7969403862953186, "Text": "chunks and iterate", "BeginOffset": 321, "EndOffset": 339}, {"Score": 0.9990285038948059, "Text": "their systems", "BeginOffset": 363, "EndOffset": 376}, {"Score": 0.8501838445663452, "Text": "CLOUD IT ARCHITECTURE TIEN TZUO ZUORA Previous", "BeginOffset": 429, "EndOffset": 475}, {"Score": 0.9557973742485046, "Text": "The Morning Download", "BeginOffset": 476, "EndOffset": 496}, {"Score": 0.9114211201667786, "Text": "Understanding AI", "BeginOffset": 498, "EndOffset": 514}, {"Score": 0.877666175365448, "Text": "Revolutionary Research Tool Next Public Cloud Firms", "BeginOffset": 518, "EndOffset": 569}, {"Score": 0.849086582660675, "Text": "Q1 Spending php /*", "BeginOffset": 578, "EndOffset": 596}, {"Score": 0.9899858236312866, "Text": "note", "BeginOffset": 604, "EndOffset": 608}, {"Score": 0.9278565049171448, "Text": "the id main-article-ad", "BeginOffset": 610, "EndOffset": 632}, {"Score": 0.9977839589118958, "Text": "this layout", "BeginOffset": 648, "EndOffset": 659}, {"Score": 0.8672884702682495, "Text": "Most Popular Videos", "BeginOffset": 690, "EndOffset": 709}, {"Score": 0.980188250541687, "Text": "China", "BeginOffset": 714, "EndOffset": 719}, {"Score": 0.8443228006362915, "Text": "\u2019s Rich and Famous Disappear Elevate", "BeginOffset": 719, "EndOffset": 755}, {"Score": 0.8325245380401611, "Text": "Your Tailgate", "BeginOffset": 756, "EndOffset": 769}, {"Score": 0.9323033690452576, "Text": "a 500-Square-Foot RV", "BeginOffset": 775, "EndOffset": 795}, {"Score": 0.9700168967247009, "Text": "the Missing Saudi Journalist Jamal Khashoggi WSJ+ Panel Pollster Talks Tough House Races", "BeginOffset": 815, "EndOffset": 903}, {"Score": 0.9613686800003052, "Text": "Republicans Markets Analysis", "BeginOffset": 908, "EndOffset": 936}, {"Score": 0.9260050654411316, "Text": "Three Reasons", "BeginOffset": 938, "EndOffset": 951}, {"Score": 0.9824203252792358, "Text": "the Fed", "BeginOffset": 952, "EndOffset": 959}, {"Score": 0.8599969148635864, "Text": "Interest Rates", "BeginOffset": 971, "EndOffset": 985}, {"Score": 0.9265589714050293, "Text": "Most Popular Articles SHOW COMMENTS HIDE COMMENTS", "BeginOffset": 986, "EndOffset": 1035}, {"Score": 0.985809862613678, "Text": "1", "BeginOffset": 1037, "EndOffset": 1038}, {"Score": 0.9151755571365356, "Text": "Advertisement Popular", "BeginOffset": 1040, "EndOffset": 1061}, {"Score": 0.976814866065979, "Text": "WSJ Most Popular Videos", "BeginOffset": 1065, "EndOffset": 1088}, {"Score": 0.9766941070556641, "Text": "China", "BeginOffset": 1093, "EndOffset": 1098}, {"Score": 0.8458973169326782, "Text": "\u2019s Rich and Famous Disappear Elevate", "BeginOffset": 1098, "EndOffset": 1134}, {"Score": 0.8377501964569092, "Text": "Your Tailgate", "BeginOffset": 1135, "EndOffset": 1148}, {"Score": 0.9326115250587463, "Text": "a 500-Square-Foot RV", "BeginOffset": 1154, "EndOffset": 1174}, {"Score": 0.9713082313537598, "Text": "the Missing Saudi Journalist Jamal Khashoggi WSJ+ Panel Pollster Talks Tough House Races", "BeginOffset": 1194, "EndOffset": 1282}, {"Score": 0.9690427780151367, "Text": "Republicans Markets Analysis", "BeginOffset": 1287, "EndOffset": 1315}, {"Score": 0.9275715351104736, "Text": "Three Reasons", "BeginOffset": 1317, "EndOffset": 1330}, {"Score": 0.9823311567306519, "Text": "the Fed", "BeginOffset": 1331, "EndOffset": 1338}, {"Score": 0.8495556116104126, "Text": "Interest Rates", "BeginOffset": 1350, "EndOffset": 1364}, {"Score": 0.8496772050857544, "Text": "Most Popular Articles Close Software Microservices Open", "BeginOffset": 1365, "EndOffset": 1420}, {"Score": 0.9914977550506592, "Text": "New Business Models", "BeginOffset": 1424, "EndOffset": 1443}, {"Score": 0.973296582698822, "Text": "Companies Companies", "BeginOffset": 1448, "EndOffset": 1467}, {"Score": 0.8008397221565247, "Text": "new revenue streams", "BeginOffset": 1480, "EndOffset": 1499}, {"Score": 0.5758902430534363, "Text": "software", "BeginOffset": 1511, "EndOffset": 1519}, {"Score": 0.9977208971977234, "Text": "other products", "BeginOffset": 1524, "EndOffset": 1538}, {"Score": 0.9967156052589417, "Text": "a service", "BeginOffset": 1542, "EndOffset": 1551}, {"Score": 0.9211392402648926, "Text": "[USER_EMAIL]", "BeginOffset": 1557, "EndOffset": 1569}, {"Score": 0.7760652303695679, "Text": "SEND An error", "BeginOffset": 1581, "EndOffset": 1594}, {"Score": 0.9998674392700195, "Text": "This article", "BeginOffset": 1643, "EndOffset": 1655}, {"Score": 0.9670730829238892, "Text": "Text Size Small Medium Large Print Facebook Twitter WhatsApp SMS Copy Link Wall Street Journal U.S. Edition U.S. Asia Europe India \u4e2d\u56fd", "BeginOffset": 1673, "EndOffset": 1806}, {"Score": 0.9909055233001709, "Text": "China", "BeginOffset": 1808, "EndOffset": 1813}, {"Score": 0.5553285479545593, "Text": "\u65e5\u672c", "BeginOffset": 1815, "EndOffset": 1817}, {"Score": 0.9648400545120239, "Text": "Japan", "BeginOffset": 1819, "EndOffset": 1824}, {"Score": 0.957123339176178, "Text": "Edition", "BeginOffset": 1826, "EndOffset": 1833}, {"Score": 0.9605003595352173, "Text": "U.S. Asia Europe India \u4e2d\u56fd", "BeginOffset": 1835, "EndOffset": 1860}, {"Score": 0.9911519885063171, "Text": "China", "BeginOffset": 1862, "EndOffset": 1867}, {"Score": 0.5653045773506165, "Text": "\u65e5\u672c", "BeginOffset": 1869, "EndOffset": 1871}, {"Score": 0.9926829934120178, "Text": "Japan", "BeginOffset": 1873, "EndOffset": 1878}, {"Score": 0.8398415446281433, "Text": "Sign", "BeginOffset": 1894, "EndOffset": 1898}, {"Score": 0.9601501822471619, "Text": "WSJ Membership Benefits Download WSJ Apps Customer Center Legal Policies Subscribe Sign", "BeginOffset": 1902, "EndOffset": 1989}, {"Score": 0.9202203750610352, "Text": "TOP \u00ab WSJ Membership WSJ+ Membership Benefits Digital Subscription Print Subscription Print", "BeginOffset": 1993, "EndOffset": 2084}, {"Score": 0.9514561891555786, "Text": "Digital Subscription", "BeginOffset": 2089, "EndOffset": 2109}, {"Score": 0.9943848848342896, "Text": "WSJ Apps", "BeginOffset": 2134, "EndOffset": 2142}, {"Score": 0.9574838876724243, "Text": "iOS and Android Corporate Subscriptions Professor Journal Student Journal Customer Service Customer Center Contact Us Live Help Redesign Guided Tour Notice", "BeginOffset": 2147, "EndOffset": 2302}, {"Score": 0.8368001580238342, "Text": "Subscribers Tools & Features Emails & Alerts", "BeginOffset": 2306, "EndOffset": 2350}, {"Score": 0.9364246726036072, "Text": "My News RSS Feeds Video Center Watchlist Podcasts Ads Advertise Advertise Locally Commercial Real Estate Ads", "BeginOffset": 2358, "EndOffset": 2466}, {"Score": 0.8389037847518921, "Text": "a Classified Ad Sell Your Business Sell Your Home Recruitment & Career Ads", "BeginOffset": 2473, "EndOffset": 2547}, {"Score": 0.8520897030830383, "Text": "More Content Partnerships Corrections Jobs", "BeginOffset": 2548, "EndOffset": 2590}, {"Score": 0.9771217703819275, "Text": "WSJ News Archive Register", "BeginOffset": 2594, "EndOffset": 2619}, {"Score": 0.9671643376350403, "Text": "Free Reprints Facebook Twitter Google+ YouTube Podcasts Snapchat GooglePlay AppStore Windows10 Dow Jones Products Barron", "BeginOffset": 2624, "EndOffset": 2744}, {"Score": 0.9715232849121094, "Text": "BigCharts DJX Dow Jones Newswires Factiva Financial News Mansion Global MarketWatch Private Markets realtor.com Risk & Compliance WSJ Conference WSJ Pro Central Banking WSJ Video WSJ Wine Privacy Policy Cookie Policy Copyright Policy Data Policy Subscriber Agreement & Terms", "BeginOffset": 2747, "EndOffset": 3021}, {"Score": 0.8932953476905823, "Text": "Your Ad Choices Copyright \u00a92016 Dow Jones & Company", "BeginOffset": 3029, "EndOffset": 3080}, {"Score": 0.710029125213623, "Text": "All Rights", "BeginOffset": 3088, "EndOffset": 3098}], "ResponseMetadata": {"RequestId": "5d1bbd57-ceed-11e8-85a8-4fb80439df50", "HTTPStatusCode": 200, "HTTPHeaders": {"date": "Sat, 13 Oct 2018 13:39:10 GMT", "content-type": "application/x-amz-json-1.1", "content-length": "8042", "connection": "keep-alive", "x-amzn-requestid": "5d1bbd57-ceed-11e8-85a8-4fb80439df50"}, "RetryAttempts": 0}}