{"Entities": [{"Score": 0.9536639451980591, "Type": "PERSON", "Text": "DOW JONES", "BeginOffset": 0, "EndOffset": 9}, {"Score": 0.8178516030311584, "Type": "ORGANIZATION", "Text": "News Corp", "BeginOffset": 31, "EndOffset": 40}, {"Score": 0.7702067494392395, "Type": "PERSON", "Text": "JONES Barron", "BeginOffset": 158, "EndOffset": 170}, {"Score": 0.6255736351013184, "Type": "ORGANIZATION", "Text": "BigCharts", "BeginOffset": 173, "EndOffset": 182}, {"Score": 0.6420002579689026, "Type": "ORGANIZATION", "Text": "Dow Jones Newswires", "BeginOffset": 187, "EndOffset": 206}, {"Score": 0.6944831013679504, "Type": "ORGANIZATION", "Text": "Factiva", "BeginOffset": 207, "EndOffset": 214}, {"Score": 0.6565667986869812, "Type": "ORGANIZATION", "Text": "MarketWatch", "BeginOffset": 245, "EndOffset": 256}, {"Score": 0.7845718860626221, "Type": "ORGANIZATION", "Text": "WSJ", "BeginOffset": 300, "EndOffset": 303}, {"Score": 0.7988412380218506, "Type": "ORGANIZATION", "Text": "WSJ", "BeginOffset": 315, "EndOffset": 318}, {"Score": 0.4699849486351013, "Type": "ORGANIZATION", "Text": "WSJ", "BeginOffset": 323, "EndOffset": 326}, {"Score": 0.9460808038711548, "Type": "OTHER", "Text": "WSJ.com", "BeginOffset": 333, "EndOffset": 340}, {"Score": 0.5946286916732788, "Type": "QUANTITY", "Text": "51", "BeginOffset": 392, "EndOffset": 394}, {"Score": 0.6813690662384033, "Type": "ORGANIZATION", "Text": "Harper Collins", "BeginOffset": 395, "EndOffset": 409}, {"Score": 0.7599194049835205, "Type": "ORGANIZATION", "Text": "New York Post", "BeginOffset": 425, "EndOffset": 438}, {"Score": 0.9278503656387329, "Type": "LOCATION", "Text": "America", "BeginOffset": 444, "EndOffset": 451}, {"Score": 0.9335169196128845, "Type": "OTHER", "Text": "realtor.com", "BeginOffset": 476, "EndOffset": 487}, {"Score": 0.5117567181587219, "Type": "OTHER", "Text": "Australian", "BeginOffset": 501, "EndOffset": 511}, {"Score": 0.8883359432220459, "Type": "ORGANIZATION", "Text": "Sun The Times", "BeginOffset": 516, "EndOffset": 529}, {"Score": 0.45112645626068115, "Type": "ORGANIZATION", "Text": "DJIA", "BeginOffset": 537, "EndOffset": 541}, {"Score": 0.8407533764839172, "Type": "OTHER", "Text": "25339.99", "BeginOffset": 544, "EndOffset": 552}, {"Score": 0.983146607875824, "Type": "QUANTITY", "Text": "1.15%", "BeginOffset": 553, "EndOffset": 558}, {"Score": 0.9364776611328125, "Type": "QUANTITY", "Text": "1.42%", "BeginOffset": 577, "EndOffset": 582}, {"Score": 0.7639731764793396, "Type": "ORGANIZATION", "Text": "Nasdaq", "BeginOffset": 583, "EndOffset": 589}, {"Score": 0.8537811040878296, "Type": "QUANTITY", "Text": "2.29%", "BeginOffset": 600, "EndOffset": 605}, {"Score": 0.7807165384292603, "Type": "LOCATION", "Text": "U.S.", "BeginOffset": 606, "EndOffset": 610}, {"Score": 0.8150628805160522, "Type": "QUANTITY", "Text": "10 Yr", "BeginOffset": 611, "EndOffset": 616}, {"Score": 0.7596031427383423, "Type": "QUANTITY", "Text": "3", "BeginOffset": 620, "EndOffset": 621}, {"Score": 0.7322695851325989, "Type": "QUANTITY", "Text": "32", "BeginOffset": 622, "EndOffset": 624}, {"Score": 0.9899693131446838, "Type": "QUANTITY", "Text": "3.162%", "BeginOffset": 631, "EndOffset": 637}, {"Score": 0.9876962900161743, "Type": "QUANTITY", "Text": "71.51", "BeginOffset": 650, "EndOffset": 655}, {"Score": 0.979912281036377, "Type": "QUANTITY", "Text": "0.76%", "BeginOffset": 656, "EndOffset": 661}, {"Score": 0.9300916194915771, "Type": "QUANTITY", "Text": "1.1560", "BeginOffset": 669, "EndOffset": 675}, {"Score": 0.9931254982948303, "Type": "QUANTITY", "Text": "0.31%", "BeginOffset": 677, "EndOffset": 682}, {"Score": 0.8993685245513916, "Type": "ORGANIZATION", "Text": "Wall Street Journal", "BeginOffset": 709, "EndOffset": 728}, {"Score": 0.6582898497581482, "Type": "LOCATION", "Text": "U.S.", "BeginOffset": 760, "EndOffset": 764}, {"Score": 0.873229444026947, "Type": "ORGANIZATION", "Text": "WSJ", "BeginOffset": 836, "EndOffset": 839}, {"Score": 0.946426510810852, "Type": "DATE", "Text": "Today", "BeginOffset": 850, "EndOffset": 855}, {"Score": 0.7631484866142273, "Type": "LOCATION", "Text": "Africa", "BeginOffset": 911, "EndOffset": 917}, {"Score": 0.9872758984565735, "Type": "LOCATION", "Text": "Asia", "BeginOffset": 918, "EndOffset": 922}, {"Score": 0.9169297814369202, "Type": "LOCATION", "Text": "Canada", "BeginOffset": 923, "EndOffset": 929}, {"Score": 0.9462226033210754, "Type": "LOCATION", "Text": "China", "BeginOffset": 930, "EndOffset": 935}, {"Score": 0.9833657145500183, "Type": "LOCATION", "Text": "Europe", "BeginOffset": 936, "EndOffset": 942}, {"Score": 0.9692839980125427, "Type": "LOCATION", "Text": "Latin America", "BeginOffset": 943, "EndOffset": 956}, {"Score": 0.9922947287559509, "Type": "LOCATION", "Text": "U.S.", "BeginOffset": 989, "EndOffset": 993}, {"Score": 0.7361926436424255, "Type": "ORGANIZATION", "Text": "New York Politics", "BeginOffset": 1011, "EndOffset": 1028}, {"Score": 0.8998598456382751, "Type": "ORGANIZATION", "Text": "Washington Wire Journal", "BeginOffset": 1049, "EndOffset": 1072}, {"Score": 0.8348981142044067, "Type": "LOCATION", "Text": "U.S.", "BeginOffset": 1080, "EndOffset": 1084}, {"Score": 0.9982802867889404, "Type": "LOCATION", "Text": "Washington", "BeginOffset": 1125, "EndOffset": 1135}, {"Score": 0.9994747042655945, "Type": "ORGANIZATION", "Text": "WSJ", "BeginOffset": 1156, "EndOffset": 1159}, {"Score": 0.9851629734039307, "Type": "ORGANIZATION", "Text": "NBC News", "BeginOffset": 1160, "EndOffset": 1168}, {"Score": 0.9706742763519287, "Type": "DATE", "Text": "Today", "BeginOffset": 1566, "EndOffset": 1571}, {"Score": 0.9973710179328918, "Type": "PERSON", "Text": "Christopher Mims", "BeginOffset": 1721, "EndOffset": 1737}, {"Score": 0.9771251082420349, "Type": "PERSON", "Text": "Joanna Stern", "BeginOffset": 1738, "EndOffset": 1750}, {"Score": 0.9974625110626221, "Type": "PERSON", "Text": "David Pierce", "BeginOffset": 1751, "EndOffset": 1763}, {"Score": 0.9952569007873535, "Type": "ORGANIZATION", "Text": "Billion Dollar", "BeginOffset": 1764, "EndOffset": 1778}, {"Score": 0.9871537685394287, "Type": "PERSON", "Text": "Andy Kessler", "BeginOffset": 2212, "EndOffset": 2224}, {"Score": 0.8372489809989929, "Type": "PERSON", "Text": "William McGurn", "BeginOffset": 2225, "EndOffset": 2239}, {"Score": 0.9834416508674622, "Type": "PERSON", "Text": "Walter Russell", "BeginOffset": 2240, "EndOffset": 2254}, {"Score": 0.9766238331794739, "Type": "PERSON", "Text": "Mead Peggy", "BeginOffset": 2255, "EndOffset": 2265}, {"Score": 0.9855647683143616, "Type": "PERSON", "Text": "Noonan Mary", "BeginOffset": 2266, "EndOffset": 2277}, {"Score": 0.8828798532485962, "Type": "PERSON", "Text": "Anastasia O'Grady", "BeginOffset": 2278, "EndOffset": 2295}, {"Score": 0.9871571660041809, "Type": "PERSON", "Text": "Jason Riley", "BeginOffset": 2296, "EndOffset": 2307}, {"Score": 0.9649054408073425, "Type": "PERSON", "Text": "Joseph Sternberg", "BeginOffset": 2308, "EndOffset": 2324}, {"Score": 0.9904323220252991, "Type": "PERSON", "Text": "Kimberley A. Strassel", "BeginOffset": 2325, "EndOffset": 2346}, {"Score": 0.9997462630271912, "Type": "ORGANIZATION", "Text": "WSJ", "BeginOffset": 2766, "EndOffset": 2769}, {"Score": 0.998768150806427, "Type": "ORGANIZATION", "Text": "WSJ", "BeginOffset": 2780, "EndOffset": 2783}, {"Score": 0.9760361313819885, "Type": "ORGANIZATION", "Text": "WSJ", "BeginOffset": 2925, "EndOffset": 2928}, {"Score": 0.9997642040252686, "Type": "ORGANIZATION", "Text": "Wall Street Journal", "BeginOffset": 3038, "EndOffset": 3057}, {"Score": 0.7368414998054504, "Type": "QUANTITY", "Text": "$12", "BeginOffset": 3058, "EndOffset": 3061}, {"Score": 0.9977422952651978, "Type": "QUANTITY", "Text": "12 weeks", "BeginOffset": 3066, "EndOffset": 3074}, {"Score": 0.9994877576828003, "Type": "LOCATION", "Text": "Africa", "BeginOffset": 3143, "EndOffset": 3149}, {"Score": 0.9852682948112488, "Type": "LOCATION", "Text": "Asia", "BeginOffset": 3150, "EndOffset": 3154}, {"Score": 0.9885990619659424, "Type": "LOCATION", "Text": "Canada", "BeginOffset": 3155, "EndOffset": 3161}, {"Score": 0.9908730983734131, "Type": "LOCATION", "Text": "China", "BeginOffset": 3162, "EndOffset": 3167}, {"Score": 0.9591121673583984, "Type": "LOCATION", "Text": "Europe", "BeginOffset": 3168, "EndOffset": 3174}, {"Score": 0.9735679030418396, "Type": "LOCATION", "Text": "Latin America", "BeginOffset": 3175, "EndOffset": 3188}, {"Score": 0.9954525828361511, "Type": "LOCATION", "Text": "U.S.", "BeginOffset": 3235, "EndOffset": 3239}, {"Score": 0.7844952344894409, "Type": "LOCATION", "Text": "New York", "BeginOffset": 3261, "EndOffset": 3269}], "ResponseMetadata": {"RequestId": "562e83e2-ceed-11e8-ae56-91e0ec854e05", "HTTPStatusCode": 200, "HTTPHeaders": {"date": "Sat, 13 Oct 2018 13:38:58 GMT", "content-type": "application/x-amz-json-1.1", "content-length": "7868", "connection": "keep-alive", "x-amzn-requestid": "562e83e2-ceed-11e8-ae56-91e0ec854e05"}, "RetryAttempts": 0}}