{"Entities": [{"Score": 0.6722667217254639, "Type": "ORGANIZATION", "Text": "Washington Wire", "BeginOffset": 45, "EndOffset": 60}, {"Score": 0.7708050012588501, "Type": "LOCATION", "Text": "U.S.", "BeginOffset": 81, "EndOffset": 85}, {"Score": 0.6471526026725769, "Type": "ORGANIZATION", "Text": "Washington Wire", "BeginOffset": 127, "EndOffset": 142}, {"Score": 0.9654291272163391, "Type": "ORGANIZATION", "Text": "WSJ", "BeginOffset": 163, "EndOffset": 166}, {"Score": 0.9033606648445129, "Type": "ORGANIZATION", "Text": "NBC News", "BeginOffset": 167, "EndOffset": 175}, {"Score": 0.6247926950454712, "Type": "DATE", "Text": "Today", "BeginOffset": 602, "EndOffset": 607}, {"Score": 0.9918347001075745, "Type": "PERSON", "Text": "Christopher Mims", "BeginOffset": 790, "EndOffset": 806}, {"Score": 0.9962685108184814, "Type": "PERSON", "Text": "Joanna Stern", "BeginOffset": 807, "EndOffset": 819}, {"Score": 0.997617781162262, "Type": "PERSON", "Text": "David Pierce", "BeginOffset": 820, "EndOffset": 832}, {"Score": 0.8656675815582275, "Type": "PERSON", "Text": "Sadanand Dhume", "BeginOffset": 1234, "EndOffset": 1248}, {"Score": 0.9685958027839661, "Type": "PERSON", "Text": "James Freeman", "BeginOffset": 1249, "EndOffset": 1262}, {"Score": 0.9791530966758728, "Type": "PERSON", "Text": "William A. Galston", "BeginOffset": 1263, "EndOffset": 1281}, {"Score": 0.9799368381500244, "Type": "PERSON", "Text": "Daniel Henninger", "BeginOffset": 1282, "EndOffset": 1298}, {"Score": 0.9747229218482971, "Type": "PERSON", "Text": "Holman W. Jenkins", "BeginOffset": 1299, "EndOffset": 1316}, {"Score": 0.995088517665863, "Type": "PERSON", "Text": "Andy Kessler", "BeginOffset": 1317, "EndOffset": 1329}, {"Score": 0.9955783486366272, "Type": "PERSON", "Text": "William McGurn", "BeginOffset": 1330, "EndOffset": 1344}, {"Score": 0.9877317547798157, "Type": "PERSON", "Text": "Walter Russell", "BeginOffset": 1345, "EndOffset": 1359}, {"Score": 0.9893238544464111, "Type": "PERSON", "Text": "Mead Peggy", "BeginOffset": 1360, "EndOffset": 1370}, {"Score": 0.9402080774307251, "Type": "PERSON", "Text": "Noonan Mary", "BeginOffset": 1371, "EndOffset": 1382}, {"Score": 0.9437132477760315, "Type": "PERSON", "Text": "Anastasia O'Grady", "BeginOffset": 1383, "EndOffset": 1400}, {"Score": 0.9651438593864441, "Type": "PERSON", "Text": "Jason Riley", "BeginOffset": 1401, "EndOffset": 1412}, {"Score": 0.9968021512031555, "Type": "PERSON", "Text": "Joseph Sternberg", "BeginOffset": 1413, "EndOffset": 1429}, {"Score": 0.9425888061523438, "Type": "PERSON", "Text": "Kimberley A. Strassel", "BeginOffset": 1430, "EndOffset": 1451}, {"Score": 0.9998648166656494, "Type": "ORGANIZATION", "Text": "WSJ", "BeginOffset": 1893, "EndOffset": 1896}, {"Score": 0.9984103441238403, "Type": "ORGANIZATION", "Text": "WSJ", "BeginOffset": 1907, "EndOffset": 1910}, {"Score": 0.9992220401763916, "Type": "ORGANIZATION", "Text": "WSJ", "BeginOffset": 2061, "EndOffset": 2064}, {"Score": 0.9987014532089233, "Type": "ORGANIZATION", "Text": "Sears", "BeginOffset": 2159, "EndOffset": 2164}, {"Score": 0.9987659454345703, "Type": "PERSON", "Text": "Edward Lampert", "BeginOffset": 2212, "EndOffset": 2226}, {"Score": 0.9999774694442749, "Type": "ORGANIZATION", "Text": "Sears", "BeginOffset": 2250, "EndOffset": 2255}, {"Score": 0.9844422936439514, "Type": "ORGANIZATION", "Text": "Facebook", "BeginOffset": 2256, "EndOffset": 2264}, {"Score": 0.831515371799469, "Type": "QUANTITY", "Text": "First Thought", "BeginOffset": 2298, "EndOffset": 2311}, {"Score": 0.9970104694366455, "Type": "LOCATION", "Text": "China", "BeginOffset": 2315, "EndOffset": 2320}, {"Score": 0.9990032315254211, "Type": "ORGANIZATION", "Text": "GE", "BeginOffset": 2405, "EndOffset": 2407}, {"Score": 0.9934496879577637, "Type": "DATE", "Text": "Oct. 30", "BeginOffset": 2450, "EndOffset": 2457}, {"Score": 0.9954779148101807, "Type": "LOCATION", "Text": "U.S.", "BeginOffset": 2458, "EndOffset": 2462}, {"Score": 0.999320387840271, "Type": "OTHER", "Text": "Chinese", "BeginOffset": 2488, "EndOffset": 2495}, {"Score": 0.9999994039535522, "Type": "LOCATION", "Text": "China", "BeginOffset": 2569, "EndOffset": 2574}, {"Score": 0.9952217936515808, "Type": "QUANTITY", "Text": "First Annual Decline", "BeginOffset": 2593, "EndOffset": 2613}, {"Score": 0.960317850112915, "Type": "QUANTITY", "Text": "43%", "BeginOffset": 2713, "EndOffset": 2716}, {"Score": 0.9997106194496155, "Type": "QUANTITY", "Text": "$35,000", "BeginOffset": 2943, "EndOffset": 2950}, {"Score": 0.9998868703842163, "Type": "ORGANIZATION", "Text": "Tesla", "BeginOffset": 2951, "EndOffset": 2956}, {"Score": 0.9921255707740784, "Type": "QUANTITY", "Text": "3 Slips", "BeginOffset": 2963, "EndOffset": 2970}, {"Score": 0.9974464178085327, "Type": "ORGANIZATION", "Text": "NFL", "BeginOffset": 3180, "EndOffset": 3183}, {"Score": 0.9985582232475281, "Type": "OTHER", "Text": "https://blogs.wsj.com/cio/2018/06/18/software-microservices-open-up-new-business-models-for-companies/", "BeginOffset": 3295, "EndOffset": 3397}], "ResponseMetadata": {"RequestId": "58385dd6-ceed-11e8-9261-054063d89a52", "HTTPStatusCode": 200, "HTTPHeaders": {"date": "Sat, 13 Oct 2018 13:39:01 GMT", "content-type": "application/x-amz-json-1.1", "content-length": "4606", "connection": "keep-alive", "x-amzn-requestid": "58385dd6-ceed-11e8-9261-054063d89a52"}, "RetryAttempts": 0}}