{"Entities": [{"Score": 0.6454734206199646, "Type": "DATE", "Text": "next 12", "BeginOffset": 180, "EndOffset": 187}, {"Score": 0.9165182113647461, "Type": "QUANTITY", "Text": "18 months", "BeginOffset": 191, "EndOffset": 200}, {"Score": 0.8984575271606445, "Type": "LOCATION", "Text": "China", "BeginOffset": 714, "EndOffset": 719}, {"Score": 0.8286585807800293, "Type": "QUANTITY", "Text": "500-Square-Foot", "BeginOffset": 777, "EndOffset": 792}, {"Score": 0.9965933561325073, "Type": "PERSON", "Text": "Jamal Khashoggi", "BeginOffset": 844, "EndOffset": 859}, {"Score": 0.6876471638679504, "Type": "ORGANIZATION", "Text": "WSJ", "BeginOffset": 860, "EndOffset": 863}, {"Score": 0.9983225464820862, "Type": "ORGANIZATION", "Text": "Republicans", "BeginOffset": 908, "EndOffset": 919}, {"Score": 0.9999476671218872, "Type": "QUANTITY", "Text": "Three Reasons", "BeginOffset": 938, "EndOffset": 951}, {"Score": 0.9986629486083984, "Type": "ORGANIZATION", "Text": "WSJ", "BeginOffset": 1065, "EndOffset": 1068}, {"Score": 0.9999725818634033, "Type": "LOCATION", "Text": "China", "BeginOffset": 1093, "EndOffset": 1098}, {"Score": 0.9371095895767212, "Type": "QUANTITY", "Text": "500-Square-Foot", "BeginOffset": 1156, "EndOffset": 1171}, {"Score": 0.7383864521980286, "Type": "PERSON", "Text": "Jamal Khashoggi", "BeginOffset": 1223, "EndOffset": 1238}, {"Score": 0.995875895023346, "Type": "ORGANIZATION", "Text": "WSJ", "BeginOffset": 1239, "EndOffset": 1242}, {"Score": 0.9991909861564636, "Type": "ORGANIZATION", "Text": "Republicans", "BeginOffset": 1287, "EndOffset": 1298}, {"Score": 0.9999571442604065, "Type": "QUANTITY", "Text": "Three Reasons", "BeginOffset": 1317, "EndOffset": 1330}, {"Score": 0.999187171459198, "Type": "ORGANIZATION", "Text": "Facebook", "BeginOffset": 1708, "EndOffset": 1716}, {"Score": 0.9989086389541626, "Type": "ORGANIZATION", "Text": "Twitter", "BeginOffset": 1717, "EndOffset": 1724}, {"Score": 0.992328941822052, "Type": "ORGANIZATION", "Text": "WhatsApp", "BeginOffset": 1725, "EndOffset": 1733}, {"Score": 0.8485147356987, "Type": "ORGANIZATION", "Text": "Wall Street Journal", "BeginOffset": 1748, "EndOffset": 1767}, {"Score": 0.9608548879623413, "Type": "LOCATION", "Text": "U.S.", "BeginOffset": 1768, "EndOffset": 1772}, {"Score": 0.9846410155296326, "Type": "LOCATION", "Text": "U.S.", "BeginOffset": 1781, "EndOffset": 1785}, {"Score": 0.8501461744308472, "Type": "LOCATION", "Text": "Asia", "BeginOffset": 1786, "EndOffset": 1790}, {"Score": 0.7115063071250916, "Type": "LOCATION", "Text": "Europe", "BeginOffset": 1791, "EndOffset": 1797}, {"Score": 0.7469820976257324, "Type": "LOCATION", "Text": "India", "BeginOffset": 1798, "EndOffset": 1803}, {"Score": 1.0, "Type": "LOCATION", "Text": "China", "BeginOffset": 1808, "EndOffset": 1813}, {"Score": 0.9963185787200928, "Type": "LOCATION", "Text": "Japan", "BeginOffset": 1819, "EndOffset": 1824}, {"Score": 0.9998986721038818, "Type": "LOCATION", "Text": "U.S.", "BeginOffset": 1835, "EndOffset": 1839}, {"Score": 0.7790200710296631, "Type": "LOCATION", "Text": "Asia", "BeginOffset": 1840, "EndOffset": 1844}, {"Score": 0.7030390501022339, "Type": "LOCATION", "Text": "Europe", "BeginOffset": 1845, "EndOffset": 1851}, {"Score": 0.7788509726524353, "Type": "LOCATION", "Text": "India", "BeginOffset": 1852, "EndOffset": 1857}, {"Score": 1.0, "Type": "LOCATION", "Text": "China", "BeginOffset": 1862, "EndOffset": 1867}, {"Score": 0.9934853911399841, "Type": "LOCATION", "Text": "Japan", "BeginOffset": 1873, "EndOffset": 1878}, {"Score": 0.9912075400352478, "Type": "ORGANIZATION", "Text": "WSJ", "BeginOffset": 1902, "EndOffset": 1905}, {"Score": 0.8547108173370361, "Type": "ORGANIZATION", "Text": "WSJ", "BeginOffset": 1935, "EndOffset": 1938}, {"Score": 0.9996505975723267, "Type": "ORGANIZATION", "Text": "WSJ", "BeginOffset": 1999, "EndOffset": 2002}, {"Score": 0.9881805181503296, "Type": "ORGANIZATION", "Text": "WSJ", "BeginOffset": 2014, "EndOffset": 2017}, {"Score": 0.9995618462562561, "Type": "ORGANIZATION", "Text": "WSJ", "BeginOffset": 2134, "EndOffset": 2137}, {"Score": 0.9966186285018921, "Type": "TITLE", "Text": "iOS", "BeginOffset": 2147, "EndOffset": 2150}, {"Score": 0.9940746426582336, "Type": "TITLE", "Text": "Android", "BeginOffset": 2155, "EndOffset": 2162}, {"Score": 0.9973682165145874, "Type": "ORGANIZATION", "Text": "WSJ News", "BeginOffset": 2594, "EndOffset": 2602}, {"Score": 0.9963477253913879, "Type": "ORGANIZATION", "Text": "Facebook", "BeginOffset": 2638, "EndOffset": 2646}, {"Score": 0.9999890327453613, "Type": "ORGANIZATION", "Text": "Twitter", "BeginOffset": 2647, "EndOffset": 2654}, {"Score": 0.9967103004455566, "Type": "TITLE", "Text": "Google+", "BeginOffset": 2655, "EndOffset": 2662}, {"Score": 0.9970062375068665, "Type": "ORGANIZATION", "Text": "YouTube", "BeginOffset": 2663, "EndOffset": 2670}, {"Score": 0.8613842725753784, "Type": "ORGANIZATION", "Text": "Snapchat", "BeginOffset": 2680, "EndOffset": 2688}, {"Score": 0.986624002456665, "Type": "TITLE", "Text": "GooglePlay", "BeginOffset": 2689, "EndOffset": 2699}, {"Score": 0.9910057783126831, "Type": "TITLE", "Text": "AppStore", "BeginOffset": 2700, "EndOffset": 2708}, {"Score": 0.7315746545791626, "Type": "TITLE", "Text": "Windows10", "BeginOffset": 2709, "EndOffset": 2718}, {"Score": 0.5274231433868408, "Type": "ORGANIZATION", "Text": "Dow Jones", "BeginOffset": 2719, "EndOffset": 2728}, {"Score": 0.954624593257904, "Type": "ORGANIZATION", "Text": "Barron", "BeginOffset": 2738, "EndOffset": 2744}, {"Score": 0.6990564465522766, "Type": "ORGANIZATION", "Text": "BigCharts", "BeginOffset": 2747, "EndOffset": 2756}, {"Score": 0.81876540184021, "Type": "ORGANIZATION", "Text": "Dow Jones", "BeginOffset": 2761, "EndOffset": 2770}, {"Score": 0.5774123668670654, "Type": "ORGANIZATION", "Text": "Factiva", "BeginOffset": 2781, "EndOffset": 2788}, {"Score": 0.8138816356658936, "Type": "OTHER", "Text": "realtor.com", "BeginOffset": 2847, "EndOffset": 2858}, {"Score": 0.9996675252914429, "Type": "ORGANIZATION", "Text": "WSJ", "BeginOffset": 2877, "EndOffset": 2880}, {"Score": 0.9999946355819702, "Type": "ORGANIZATION", "Text": "WSJ", "BeginOffset": 2892, "EndOffset": 2895}, {"Score": 0.8745391964912415, "Type": "ORGANIZATION", "Text": "WSJ", "BeginOffset": 2916, "EndOffset": 2919}, {"Score": 0.9955562949180603, "Type": "ORGANIZATION", "Text": "WSJ", "BeginOffset": 2926, "EndOffset": 2929}, {"Score": 0.9918501377105713, "Type": "DATE", "Text": "2016", "BeginOffset": 3056, "EndOffset": 3060}, {"Score": 0.991957426071167, "Type": "ORGANIZATION", "Text": "Dow Jones & Company , Inc.", "BeginOffset": 3061, "EndOffset": 3087}], "ResponseMetadata": {"RequestId": "5dd2635c-ceed-11e8-b75e-19bfa70fc971", "HTTPStatusCode": 200, "HTTPHeaders": {"date": "Sat, 13 Oct 2018 13:39:11 GMT", "content-type": "application/x-amz-json-1.1", "content-length": "6057", "connection": "keep-alive", "x-amzn-requestid": "5dd2635c-ceed-11e8-b75e-19bfa70fc971"}, "RetryAttempts": 0}}